{
  "$schema": "https://developer.microsoft.com/json-schemas/spfx/client-side-web-part-manifest.schema.json",
  "id": "48e2d130-7eb7-4ee9-aa23-5ddbdfd175b1",
  "alias": "ListFormWebPart",
  "componentType": "WebPart",
  "version": "*",
  "manifestVersion": 2,
  "requiresCustomScript": false,
  "supportedHosts": [
    "SharePointWebPart"
  ],
  "preconfiguredEntries": [
    {
      "groupId": "48e2d130-7eb7-4ee9-aa23-5ddbdfd175b1",
      "group": {
        "default": "Under Development"
      },
      "title": {
        "default": "List Form",
        "fr-fr": "Formulaire de liste"
      },
      "description": {
        "default": "Shows a form for the selected list",
        "fr-fr": "Affiche un formulaire pour la liste sélectionnée"
      },
      "officeFabricIconFontName": "PreviewLink",
      "properties": {
        "title": "List Form",
        "description": "",
        "listUrl": "",
        "formType": 3
      }
    }
  ]
}