{"id":"48e2d130-7eb7-4ee9-aa23-5ddbdfd175b1","alias":"ListFormWebPart","componentType":"WebPart","version":"1.0.6","manifestVersion":2,"requiresCustomScript":false,"supportedHosts":["SharePointWebPart"],"preconfiguredEntries":[{"groupId":"48e2d130-7eb7-4ee9-aa23-5ddbdfd175b1","group":{"default":"Under Development"},"title":{"default":"List Form","fr-fr":"Formulaire de liste"},"description":{"default":"Shows a form for the selected list","fr-fr":"Affiche un formulaire pour la liste sélectionnée"},"officeFabricIconFontName":"PreviewLink","properties":{"title":"List Form","description":"","listUrl":"","formType":3}}],"loaderConfig":{"entryModuleId":"list-form-web-part","internalModuleBaseUrls":["https://demoperform1.sharepoint.com/sites/Fare_Tool_Demo2/SiteAssets/deploy/"],"scriptResources":{"list-form-web-part":{"type":"path","path":"list-form-web-part_e6e7282c081c93918ac96cbacc79df0e.js"},"moment":{"type":"path","path":"https://cdnjs.cloudflare.com/ajax/libs/moment.js/2.24.0/moment-with-locales.min.js"},"servicesStrings":{"defaultPath":"react-list-form-servicesstrings_en-us_01e9fc454e58cc7dfc932996e455eb3c.js","type":"localizedPath","paths":{"tr-TR":"react-list-form-servicesstrings_tr-tr_21734740d2b9be21ee7d25954db9b345.js","tr":"react-list-form-servicesstrings_tr-tr_21734740d2b9be21ee7d25954db9b345.js","en-US":"react-list-form-servicesstrings_en-us_01e9fc454e58cc7dfc932996e455eb3c.js","bn":"react-list-form-servicesstrings_en-us_01e9fc454e58cc7dfc932996e455eb3c.js","chr":"react-list-form-servicesstrings_en-us_01e9fc454e58cc7dfc932996e455eb3c.js","dv":"react-list-form-servicesstrings_en-us_01e9fc454e58cc7dfc932996e455eb3c.js","div":"react-list-form-servicesstrings_en-us_01e9fc454e58cc7dfc932996e455eb3c.js","en":"react-list-form-servicesstrings_en-us_01e9fc454e58cc7dfc932996e455eb3c.js","fil":"react-list-form-servicesstrings_en-us_01e9fc454e58cc7dfc932996e455eb3c.js","haw":"react-list-form-servicesstrings_en-us_01e9fc454e58cc7dfc932996e455eb3c.js","iu":"react-list-form-servicesstrings_en-us_01e9fc454e58cc7dfc932996e455eb3c.js","lo":"react-list-form-servicesstrings_en-us_01e9fc454e58cc7dfc932996e455eb3c.js","moh":"react-list-form-servicesstrings_en-us_01e9fc454e58cc7dfc932996e455eb3c.js"}},"ControlStrings":{"defaultPath":"react-list-form-controlstrings_en-us_630310e81b43fc863bdf6a459353e4cb.js","type":"localizedPath","paths":{"eu-ES":"react-list-form-controlstrings_eu-es_bdd4fbcb9c89d185f22bedcf3fee3629.js","en-US":"react-list-form-controlstrings_en-us_630310e81b43fc863bdf6a459353e4cb.js","bn":"react-list-form-controlstrings_en-us_630310e81b43fc863bdf6a459353e4cb.js","chr":"react-list-form-controlstrings_en-us_630310e81b43fc863bdf6a459353e4cb.js","dv":"react-list-form-controlstrings_en-us_630310e81b43fc863bdf6a459353e4cb.js","div":"react-list-form-controlstrings_en-us_630310e81b43fc863bdf6a459353e4cb.js","en":"react-list-form-controlstrings_en-us_630310e81b43fc863bdf6a459353e4cb.js","fil":"react-list-form-controlstrings_en-us_630310e81b43fc863bdf6a459353e4cb.js","haw":"react-list-form-controlstrings_en-us_630310e81b43fc863bdf6a459353e4cb.js","iu":"react-list-form-controlstrings_en-us_630310e81b43fc863bdf6a459353e4cb.js","lo":"react-list-form-controlstrings_en-us_630310e81b43fc863bdf6a459353e4cb.js","moh":"react-list-form-controlstrings_en-us_630310e81b43fc863bdf6a459353e4cb.js","es-ES":"react-list-form-controlstrings_es-es_534aba533978b242b9100e55fd5b39b7.js","gn":"react-list-form-controlstrings_es-es_534aba533978b242b9100e55fd5b39b7.js","quz":"react-list-form-controlstrings_es-es_534aba533978b242b9100e55fd5b39b7.js","es":"react-list-form-controlstrings_es-es_534aba533978b242b9100e55fd5b39b7.js","ca-ES-valencia":"react-list-form-controlstrings_es-es_534aba533978b242b9100e55fd5b39b7.js","et-EE":"react-list-form-controlstrings_et-ee_e26935a18ce60dc4642087da4e0cde88.js","da-DK":"react-list-form-controlstrings_da-dk_b2aacba2bf4bda0a6c8219b9c304c6f1.js","fo":"react-list-form-controlstrings_da-dk_b2aacba2bf4bda0a6c8219b9c304c6f1.js","kl":"react-list-form-controlstrings_da-dk_b2aacba2bf4bda0a6c8219b9c304c6f1.js","fi-FI":"react-list-form-controlstrings_fi-fi_8c10ac6aa29065c00dcbc6f6071ad7ff.js","sms":"react-list-form-controlstrings_fi-fi_8c10ac6aa29065c00dcbc6f6071ad7ff.js","se-FI":"react-list-form-controlstrings_fi-fi_8c10ac6aa29065c00dcbc6f6071ad7ff.js","se-Latn-FI":"react-list-form-controlstrings_fi-fi_8c10ac6aa29065c00dcbc6f6071ad7ff.js","it-IT":"react-list-form-controlstrings_it-it_9a03feb50b4ed4a1393d29fe648446ff.js","it":"react-list-form-controlstrings_it-it_9a03feb50b4ed4a1393d29fe648446ff.js","de-DE":"react-list-form-controlstrings_de-de_09556f6c6a4ccffd7109ac249bfb1fb0.js","de":"react-list-form-controlstrings_de-de_09556f6c6a4ccffd7109ac249bfb1fb0.js","dsb":"react-list-form-controlstrings_de-de_09556f6c6a4ccffd7109ac249bfb1fb0.js","rm":"react-list-form-controlstrings_de-de_09556f6c6a4ccffd7109ac249bfb1fb0.js","hsb":"react-list-form-controlstrings_de-de_09556f6c6a4ccffd7109ac249bfb1fb0.js","fr-FR":"react-list-form-controlstrings_fr-fr_de15588c814f5a89c5d3f3fe51129418.js","gsw":"react-list-form-controlstrings_fr-fr_de15588c814f5a89c5d3f3fe51129418.js","br":"react-list-form-controlstrings_fr-fr_de15588c814f5a89c5d3f3fe51129418.js","tzm-Tfng":"react-list-form-controlstrings_fr-fr_de15588c814f5a89c5d3f3fe51129418.js","co":"react-list-form-controlstrings_fr-fr_de15588c814f5a89c5d3f3fe51129418.js","fr":"react-list-form-controlstrings_fr-fr_de15588c814f5a89c5d3f3fe51129418.js","ff":"react-list-form-controlstrings_fr-fr_de15588c814f5a89c5d3f3fe51129418.js","lb":"react-list-form-controlstrings_fr-fr_de15588c814f5a89c5d3f3fe51129418.js","mg":"react-list-form-controlstrings_fr-fr_de15588c814f5a89c5d3f3fe51129418.js","oc":"react-list-form-controlstrings_fr-fr_de15588c814f5a89c5d3f3fe51129418.js","zgh":"react-list-form-controlstrings_fr-fr_de15588c814f5a89c5d3f3fe51129418.js","wo":"react-list-form-controlstrings_fr-fr_de15588c814f5a89c5d3f3fe51129418.js","lt-LT":"react-list-form-controlstrings_lt-lt_6e607928bec06bc2082a34f6daa06927.js","ja-JP":"react-list-form-controlstrings_ja-jp_c28979a6cc5bb2ff68f2edce3b700cf6.js","lv-LV":"react-list-form-controlstrings_lv-lv_1ff74328df8e6625838935757fbbb678.js","pl-PL":"react-list-form-controlstrings_pl-pl_6da233280d59ed9f1a8aa3be17a403cc.js","nb-NO":"react-list-form-controlstrings_nb-no_8d737c3ea43d3b24f03460ea9e773e0b.js","no":"react-list-form-controlstrings_nb-no_8d737c3ea43d3b24f03460ea9e773e0b.js","nb":"react-list-form-controlstrings_nb-no_8d737c3ea43d3b24f03460ea9e773e0b.js","nn":"react-list-form-controlstrings_nb-no_8d737c3ea43d3b24f03460ea9e773e0b.js","smj-NO":"react-list-form-controlstrings_nb-no_8d737c3ea43d3b24f03460ea9e773e0b.js","smj-Latn-NO":"react-list-form-controlstrings_nb-no_8d737c3ea43d3b24f03460ea9e773e0b.js","se-NO":"react-list-form-controlstrings_nb-no_8d737c3ea43d3b24f03460ea9e773e0b.js","se-Latn-NO":"react-list-form-controlstrings_nb-no_8d737c3ea43d3b24f03460ea9e773e0b.js","sma-Latn":"react-list-form-controlstrings_nb-no_8d737c3ea43d3b24f03460ea9e773e0b.js","sma-NO":"react-list-form-controlstrings_nb-no_8d737c3ea43d3b24f03460ea9e773e0b.js","ca-ES":"react-list-form-controlstrings_ca-es_e6353bcf6847c3fa7a7e21841b2f5a8f.js","nl-NL":"react-list-form-controlstrings_nl-nl_738e610cd088441294812494093b4df9.js","nl":"react-list-form-controlstrings_nl-nl_738e610cd088441294812494093b4df9.js","fy":"react-list-form-controlstrings_nl-nl_738e610cd088441294812494093b4df9.js","ro-RO":"react-list-form-controlstrings_ro-ro_ba9034ecb4f3841bb7c993d817f795ad.js","ro":"react-list-form-controlstrings_ro-ro_ba9034ecb4f3841bb7c993d817f795ad.js","pt-PT":"react-list-form-controlstrings_pt-pt_677d3f8c5d12ca948acc78b585552450.js","pt":"react-list-form-controlstrings_pt-pt_677d3f8c5d12ca948acc78b585552450.js","bg-BG":"react-list-form-controlstrings_bg-bg_f8245415d22302f43365cd9fefc0383d.js","sk-SK":"react-list-form-controlstrings_sk-sk_4bd2e9f560defb26d19b7c648b5ab1f5.js","sk":"react-list-form-controlstrings_sk-sk_4bd2e9f560defb26d19b7c648b5ab1f5.js","tr-TR":"react-list-form-controlstrings_tr-tr_47e7ec32aed7c6b1e2345dafc7acb12b.js","tr":"react-list-form-controlstrings_tr-tr_47e7ec32aed7c6b1e2345dafc7acb12b.js","vi-VN":"react-list-form-controlstrings_vi-vn_ecc93eefa8a4824bf7caf9134ca60db4.js","vi":"react-list-form-controlstrings_vi-vn_ecc93eefa8a4824bf7caf9134ca60db4.js","zh-CN":"react-list-form-controlstrings_zh-cn_917e7b2f642edf1dd5f63d9286721414.js","zh":"react-list-form-controlstrings_zh-cn_917e7b2f642edf1dd5f63d9286721414.js","mn-Mong":"react-list-form-controlstrings_zh-cn_917e7b2f642edf1dd5f63d9286721414.js","bo":"react-list-form-controlstrings_zh-cn_917e7b2f642edf1dd5f63d9286721414.js","ug":"react-list-form-controlstrings_zh-cn_917e7b2f642edf1dd5f63d9286721414.js","ii":"react-list-form-controlstrings_zh-cn_917e7b2f642edf1dd5f63d9286721414.js","zh-TW":"react-list-form-controlstrings_zh-tw_066afbb0d54eca1f5c027a80d856a483.js","zh-HK":"react-list-form-controlstrings_zh-tw_066afbb0d54eca1f5c027a80d856a483.js","zh-CHT":"react-list-form-controlstrings_zh-tw_066afbb0d54eca1f5c027a80d856a483.js","zh-Hant":"react-list-form-controlstrings_zh-tw_066afbb0d54eca1f5c027a80d856a483.js","zh-MO":"react-list-form-controlstrings_zh-tw_066afbb0d54eca1f5c027a80d856a483.js","el-GR":"react-list-form-controlstrings_el-gr_279efb577741e79a53888444dfa6ac34.js","el":"react-list-form-controlstrings_el-gr_279efb577741e79a53888444dfa6ac34.js","sv-SE":"react-list-form-controlstrings_sv-se_167df540098456dce5cedfd1389defac.js","smj":"react-list-form-controlstrings_sv-se_167df540098456dce5cedfd1389defac.js","se":"react-list-form-controlstrings_sv-se_167df540098456dce5cedfd1389defac.js","sv":"react-list-form-controlstrings_sv-se_167df540098456dce5cedfd1389defac.js","sma-SE":"react-list-form-controlstrings_sv-se_167df540098456dce5cedfd1389defac.js","sma-Latn-SE":"react-list-form-controlstrings_sv-se_167df540098456dce5cedfd1389defac.js","ru-RU":"react-list-form-controlstrings_ru-ru_3f7c2401b9740ff88cbcaae31f98e3e5.js","ru":"react-list-form-controlstrings_ru-ru_3f7c2401b9740ff88cbcaae31f98e3e5.js","ba":"react-list-form-controlstrings_ru-ru_3f7c2401b9740ff88cbcaae31f98e3e5.js","be":"react-list-form-controlstrings_ru-ru_3f7c2401b9740ff88cbcaae31f98e3e5.js","ky":"react-list-form-controlstrings_ru-ru_3f7c2401b9740ff88cbcaae31f98e3e5.js","mn":"react-list-form-controlstrings_ru-ru_3f7c2401b9740ff88cbcaae31f98e3e5.js","sah":"react-list-form-controlstrings_ru-ru_3f7c2401b9740ff88cbcaae31f98e3e5.js","tg":"react-list-form-controlstrings_ru-ru_3f7c2401b9740ff88cbcaae31f98e3e5.js","tt":"react-list-form-controlstrings_ru-ru_3f7c2401b9740ff88cbcaae31f98e3e5.js","tk":"react-list-form-controlstrings_ru-ru_3f7c2401b9740ff88cbcaae31f98e3e5.js","sr-Latn-RS":"react-list-form-controlstrings_sr-latn-rs_3ad2cc16ec10aaee180e5523b2c384e0.js","sr":"react-list-form-controlstrings_sr-latn-rs_3ad2cc16ec10aaee180e5523b2c384e0.js"}},"FormFieldStrings":{"defaultPath":"react-list-form-formfieldstrings_en-us_f628abd4871d7718115da7afae4a534e.js","type":"localizedPath","paths":{"en-US":"react-list-form-formfieldstrings_en-us_f628abd4871d7718115da7afae4a534e.js","bn":"react-list-form-formfieldstrings_en-us_f628abd4871d7718115da7afae4a534e.js","chr":"react-list-form-formfieldstrings_en-us_f628abd4871d7718115da7afae4a534e.js","dv":"react-list-form-formfieldstrings_en-us_f628abd4871d7718115da7afae4a534e.js","div":"react-list-form-formfieldstrings_en-us_f628abd4871d7718115da7afae4a534e.js","en":"react-list-form-formfieldstrings_en-us_f628abd4871d7718115da7afae4a534e.js","fil":"react-list-form-formfieldstrings_en-us_f628abd4871d7718115da7afae4a534e.js","haw":"react-list-form-formfieldstrings_en-us_f628abd4871d7718115da7afae4a534e.js","iu":"react-list-form-formfieldstrings_en-us_f628abd4871d7718115da7afae4a534e.js","lo":"react-list-form-formfieldstrings_en-us_f628abd4871d7718115da7afae4a534e.js","moh":"react-list-form-formfieldstrings_en-us_f628abd4871d7718115da7afae4a534e.js","tr-TR":"react-list-form-formfieldstrings_tr-tr_65359060cde1bd9948b4cf61944afa19.js","tr":"react-list-form-formfieldstrings_tr-tr_65359060cde1bd9948b4cf61944afa19.js","fr-FR":"react-list-form-formfieldstrings_fr-fr_bc5717a81eee4d291e3e3e7f4535972c.js","gsw":"react-list-form-formfieldstrings_fr-fr_bc5717a81eee4d291e3e3e7f4535972c.js","br":"react-list-form-formfieldstrings_fr-fr_bc5717a81eee4d291e3e3e7f4535972c.js","tzm-Tfng":"react-list-form-formfieldstrings_fr-fr_bc5717a81eee4d291e3e3e7f4535972c.js","co":"react-list-form-formfieldstrings_fr-fr_bc5717a81eee4d291e3e3e7f4535972c.js","fr":"react-list-form-formfieldstrings_fr-fr_bc5717a81eee4d291e3e3e7f4535972c.js","ff":"react-list-form-formfieldstrings_fr-fr_bc5717a81eee4d291e3e3e7f4535972c.js","lb":"react-list-form-formfieldstrings_fr-fr_bc5717a81eee4d291e3e3e7f4535972c.js","mg":"react-list-form-formfieldstrings_fr-fr_bc5717a81eee4d291e3e3e7f4535972c.js","oc":"react-list-form-formfieldstrings_fr-fr_bc5717a81eee4d291e3e3e7f4535972c.js","zgh":"react-list-form-formfieldstrings_fr-fr_bc5717a81eee4d291e3e3e7f4535972c.js","wo":"react-list-form-formfieldstrings_fr-fr_bc5717a81eee4d291e3e3e7f4535972c.js"}},"ListFormWebPartStrings":{"defaultPath":"react-list-form-listformwebpartstrings_en-us_58225f91571998fd85ee3240a3f8cafc.js","type":"localizedPath","paths":{"en-US":"react-list-form-listformwebpartstrings_en-us_58225f91571998fd85ee3240a3f8cafc.js","bn":"react-list-form-listformwebpartstrings_en-us_58225f91571998fd85ee3240a3f8cafc.js","chr":"react-list-form-listformwebpartstrings_en-us_58225f91571998fd85ee3240a3f8cafc.js","dv":"react-list-form-listformwebpartstrings_en-us_58225f91571998fd85ee3240a3f8cafc.js","div":"react-list-form-listformwebpartstrings_en-us_58225f91571998fd85ee3240a3f8cafc.js","en":"react-list-form-listformwebpartstrings_en-us_58225f91571998fd85ee3240a3f8cafc.js","fil":"react-list-form-listformwebpartstrings_en-us_58225f91571998fd85ee3240a3f8cafc.js","haw":"react-list-form-listformwebpartstrings_en-us_58225f91571998fd85ee3240a3f8cafc.js","iu":"react-list-form-listformwebpartstrings_en-us_58225f91571998fd85ee3240a3f8cafc.js","lo":"react-list-form-listformwebpartstrings_en-us_58225f91571998fd85ee3240a3f8cafc.js","moh":"react-list-form-listformwebpartstrings_en-us_58225f91571998fd85ee3240a3f8cafc.js","fr-FR":"react-list-form-listformwebpartstrings_fr-fr_e3216f45bc48db1e0488f227f5449643.js","gsw":"react-list-form-listformwebpartstrings_fr-fr_e3216f45bc48db1e0488f227f5449643.js","br":"react-list-form-listformwebpartstrings_fr-fr_e3216f45bc48db1e0488f227f5449643.js","tzm-Tfng":"react-list-form-listformwebpartstrings_fr-fr_e3216f45bc48db1e0488f227f5449643.js","co":"react-list-form-listformwebpartstrings_fr-fr_e3216f45bc48db1e0488f227f5449643.js","fr":"react-list-form-listformwebpartstrings_fr-fr_e3216f45bc48db1e0488f227f5449643.js","ff":"react-list-form-listformwebpartstrings_fr-fr_e3216f45bc48db1e0488f227f5449643.js","lb":"react-list-form-listformwebpartstrings_fr-fr_e3216f45bc48db1e0488f227f5449643.js","mg":"react-list-form-listformwebpartstrings_fr-fr_e3216f45bc48db1e0488f227f5449643.js","oc":"react-list-form-listformwebpartstrings_fr-fr_e3216f45bc48db1e0488f227f5449643.js","zgh":"react-list-form-listformwebpartstrings_fr-fr_e3216f45bc48db1e0488f227f5449643.js","wo":"react-list-form-listformwebpartstrings_fr-fr_e3216f45bc48db1e0488f227f5449643.js","tr-TR":"react-list-form-listformwebpartstrings_tr-tr_3370d823dba1c45ae2324a2b0c6ca6b0.js","tr":"react-list-form-listformwebpartstrings_tr-tr_3370d823dba1c45ae2324a2b0c6ca6b0.js"}},"ListFormStrings":{"defaultPath":"react-list-form-listformstrings_en-us_00638797405b0dc204900ad7b8f7e3d6.js","type":"localizedPath","paths":{"en-US":"react-list-form-listformstrings_en-us_00638797405b0dc204900ad7b8f7e3d6.js","bn":"react-list-form-listformstrings_en-us_00638797405b0dc204900ad7b8f7e3d6.js","chr":"react-list-form-listformstrings_en-us_00638797405b0dc204900ad7b8f7e3d6.js","dv":"react-list-form-listformstrings_en-us_00638797405b0dc204900ad7b8f7e3d6.js","div":"react-list-form-listformstrings_en-us_00638797405b0dc204900ad7b8f7e3d6.js","en":"react-list-form-listformstrings_en-us_00638797405b0dc204900ad7b8f7e3d6.js","fil":"react-list-form-listformstrings_en-us_00638797405b0dc204900ad7b8f7e3d6.js","haw":"react-list-form-listformstrings_en-us_00638797405b0dc204900ad7b8f7e3d6.js","iu":"react-list-form-listformstrings_en-us_00638797405b0dc204900ad7b8f7e3d6.js","lo":"react-list-form-listformstrings_en-us_00638797405b0dc204900ad7b8f7e3d6.js","moh":"react-list-form-listformstrings_en-us_00638797405b0dc204900ad7b8f7e3d6.js","fr-FR":"react-list-form-listformstrings_fr-fr_f1e498a606ead74ca6ee7e35555101c5.js","gsw":"react-list-form-listformstrings_fr-fr_f1e498a606ead74ca6ee7e35555101c5.js","br":"react-list-form-listformstrings_fr-fr_f1e498a606ead74ca6ee7e35555101c5.js","tzm-Tfng":"react-list-form-listformstrings_fr-fr_f1e498a606ead74ca6ee7e35555101c5.js","co":"react-list-form-listformstrings_fr-fr_f1e498a606ead74ca6ee7e35555101c5.js","fr":"react-list-form-listformstrings_fr-fr_f1e498a606ead74ca6ee7e35555101c5.js","ff":"react-list-form-listformstrings_fr-fr_f1e498a606ead74ca6ee7e35555101c5.js","lb":"react-list-form-listformstrings_fr-fr_f1e498a606ead74ca6ee7e35555101c5.js","mg":"react-list-form-listformstrings_fr-fr_f1e498a606ead74ca6ee7e35555101c5.js","oc":"react-list-form-listformstrings_fr-fr_f1e498a606ead74ca6ee7e35555101c5.js","zgh":"react-list-form-listformstrings_fr-fr_f1e498a606ead74ca6ee7e35555101c5.js","wo":"react-list-form-listformstrings_fr-fr_f1e498a606ead74ca6ee7e35555101c5.js","tr-TR":"react-list-form-listformstrings_tr-tr_f47c494ed04b140e3857e928eba74a06.js","tr":"react-list-form-listformstrings_tr-tr_f47c494ed04b140e3857e928eba74a06.js"}},"@microsoft/sp-property-pane":{"type":"component","version":"1.10.0","id":"f9e737b7-f0df-4597-ba8c-3060f82380db"},"@microsoft/sp-lodash-subset":{"type":"component","version":"1.10.0","id":"73e1dc6c-8441-42cc-ad47-4bd3659f8a3a"},"@microsoft/sp-core-library":{"type":"component","version":"1.10.0","id":"7263c7d0-1d6a-45ec-8d85-d4d1d234171b"},"@microsoft/sp-webpart-base":{"type":"component","version":"1.10.0","id":"974a7777-0990-4136-8fa6-95d80114c2e0"},"react":{"type":"component","version":"16.8.5","id":"0d910c1c-13b9-4e1c-9aa4-b008c5e42d7d"},"react-dom":{"type":"component","version":"16.8.5","id":"aa0a46ec-1505-43cd-a44a-93f3a5aa460a"},"@microsoft/sp-http":{"type":"component","version":"1.10.0","id":"c07208f0-ea3b-4c1a-9965-ac1b825211a6"}}}}