{"id":"63e931b2-3d4c-450b-9eea-323a725e61b0","alias":"ZnaImageCarouselWebPart","componentType":"WebPart","version":"0.0.1","manifestVersion":2,"requiresCustomScript":false,"supportedHosts":["SharePointWebPart"],"preconfiguredEntries":[{"groupId":"5c03119e-3074-46fd-976b-c60198311f70","group":{"default":"Other"},"title":{"default":"ZNA_ImageCarousel"},"description":{"default":"ZNA_ImageCarousel description"},"officeFabricIconFontName":"Page","properties":{"description":"ZNA_ImageCarousel"}}],"loaderConfig":{"entryModuleId":"zna-image-carousel-web-part","internalModuleBaseUrls":["<!-- PATH TO CDN -->/"],"scriptResources":{"zna-image-carousel-web-part":{"type":"path","path":"zna-image-carousel-web-part_2846c67c8e6f38a978fd61af373e5723.js"},"ZnaImageCarouselWebPartStrings":{"defaultPath":"zna_spfx_solution-znaimagecarouselwebpartstrings_en-us_536e65149b0acf4d52c0043073b9fc59.js","type":"localizedPath","paths":{}},"@microsoft/sp-property-pane":{"type":"component","version":"1.11.0","id":"f9e737b7-f0df-4597-ba8c-3060f82380db"},"@microsoft/sp-lodash-subset":{"type":"component","version":"1.11.0","id":"73e1dc6c-8441-42cc-ad47-4bd3659f8a3a"},"@microsoft/sp-core-library":{"type":"component","version":"1.11.0","id":"7263c7d0-1d6a-45ec-8d85-d4d1d234171b"},"@microsoft/sp-webpart-base":{"type":"component","version":"1.11.0","id":"974a7777-0990-4136-8fa6-95d80114c2e0"},"react":{"type":"component","version":"16.8.5","id":"0d910c1c-13b9-4e1c-9aa4-b008c5e42d7d"},"react-dom":{"type":"component","version":"16.8.5","id":"aa0a46ec-1505-43cd-a44a-93f3a5aa460a"}}}}