{"id":"7e66bbcd-5099-4e88-abd8-be229ca5f361","alias":"ZnaLayoutApplicationCustomizer","componentType":"Extension","extensionType":"ApplicationCustomizer","version":"0.0.1","manifestVersion":2,"requiresCustomScript":false,"loaderConfig":{"entryModuleId":"zna-layout-application-customizer","internalModuleBaseUrls":["<!-- PATH TO CDN -->/"],"scriptResources":{"zna-layout-application-customizer":{"type":"path","path":"zna-layout-application-customizer_b3cfc0b95d889661a73d13b996e58bbb.js"},"@microsoft/sp-application-base":{"type":"component","version":"1.11.0","id":"4df9bb86-ab0a-4aab-ab5f-48bf167048fb"},"@microsoft/sp-lodash-subset":{"type":"component","version":"1.11.0","id":"73e1dc6c-8441-42cc-ad47-4bd3659f8a3a"},"@microsoft/decorators":{"type":"component","version":"1.11.0","id":"f97266fb-ccb7-430e-9384-4124d05295d3"}}}}