{"id":"9dcad161-8183-4d4d-9da0-0ecf5f26e944","alias":"EflSpecimenCommandSet","componentType":"Extension","extensionType":"ListViewCommandSet","version":"0.0.1","manifestVersion":2,"requiresCustomScript":false,"items":{"COMMAND_1":{"title":{"default":"SPECIMEN1"},"iconImageUrl":"icons/request.png","type":"command"}},"loaderConfig":{"entryModuleId":"efl-specimen-command-set","internalModuleBaseUrls":["<!-- PATH TO CDN -->/"],"scriptResources":{"efl-specimen-command-set":{"type":"path","path":"efl-specimen-command-set_dbfdce43f7595fd7a330c8345d0748d4.js"},"@microsoft/sp-dialog":{"type":"component","version":"1.11.0","id":"c0c518b8-701b-4f6f-956d-5782772bb731"},"@microsoft/sp-listview-extensibility":{"type":"component","version":"1.11.0","id":"d37b65ee-c7d8-4570-bc74-2b294ff3b380"},"@microsoft/sp-core-library":{"type":"component","version":"1.11.0","id":"7263c7d0-1d6a-45ec-8d85-d4d1d234171b"},"react":{"type":"component","version":"16.8.5","id":"0d910c1c-13b9-4e1c-9aa4-b008c5e42d7d"},"react-dom":{"type":"component","version":"16.8.5","id":"aa0a46ec-1505-43cd-a44a-93f3a5aa460a"},"@microsoft/sp-http":{"type":"component","version":"1.11.0","id":"c07208f0-ea3b-4c1a-9965-ac1b825211a6"},"@microsoft/decorators":{"type":"component","version":"1.11.0","id":"f97266fb-ccb7-430e-9384-4124d05295d3"}}}}